epoch,acc,loss,lr,val_acc,val_loss
0,0.5192968845367432,1.0084116458892822,0.001,0.6196250319480896,0.9227190613746643
